{"root":[{"assemblyName":"Assembly-CSharp","nameSpace":"AudioManager","className":"BGMManager","methodName":"Initialize","loadTypes":1,"isUnityClass":false},{"assemblyName":"Assembly-CSharp","nameSpace":"AudioManager","className":"SEManager","methodName":"Initialize","loadTypes":1,"isUnityClass":false},{"assemblyName":"Unity.RenderPipelines.Universal.Runtime","nameSpace":"UnityEngine.Rendering.Universal","className":"XRSystem","methodName":"XRSystemInit","loadTypes":3,"isUnityClass":true},{"assemblyName":"Unity.RenderPipelines.Core.Runtime","nameSpace":"UnityEngine.Rendering","className":"DebugUpdater","methodName":"RuntimeInit","loadTypes":0,"isUnityClass":true},{"assemblyName":"Unity.VisualScripting.Core","nameSpace":"Unity.VisualScripting","className":"RuntimeVSUsageUtility","methodName":"RuntimeInitializeOnLoadBeforeSceneLoad","loadTypes":1,"isUnityClass":true}]}
